"USER: Put on some tracks from the Beatles, please","USER: I'm in the mood for some classic rock, how about Led Zeppelin?"" AI: ""PLAY ARTIST LED ZEPPELIN","USER: Play some jazz, like Miles Davis","USER: Could you play something from Taylor Swift's latest album?"" AI: ""PLAY ARTIST TAYLOR SWIFT","USER: I want to listen to some electronic music, like Daft Punk","USER: How about some country music by Johnny Cash?"" AI: ""PLAY ARTIST JOHNNY CASH","USER: Play songs by Queen, please","USER: I'm feeling nostalgic, play some 90s hip-hop, like Tupac","USER: Can you play some indie rock by Arctic Monkeys?"" AI: ""PLAY ARTIST ARCTIC MONKEYS","USER: Put on some reggae music, like Bob Marley","USER: I need some high-energy music, like the Red Hot Chili Peppers","USER: Play some R&B, maybe some Beyonce","USER: How about some classical music by Mozart?"" AI: ""PLAY ARTIST MOZART",USER: Play me some alternative rock like Radiohead,"USER: I'm in the mood for some oldies, like Elvis Presley","USER: Play songs from the '80s, like Michael Jackson","USER: Can you play some EDM, like Calvin Harris?"" AI: ""PLAY ARTIST CALVIN HARRIS","USER: Put on some folk music, like Simon & Garfunkel","USER: Play reggaeton music, like Daddy Yankee","USER: How about some pop-rock by Maroon 5?"" AI: ""PLAY ARTIST MAROON 5","USER: Play 'Bohemian Rhapsody' by Queen, please",USER: Put on 'Shape of You' by Ed Sheeran,USER: Play 'Billie Jean' by Michael Jackson,USER: I want to hear 'Imagine' by John Lennon,"USER: Put on 'Rolling in the Deep' by Adele, please",USER: Play 'Hotel California' by the Eagles,USER: I'm in the mood for 'Smooth Criminal' by Michael Jackson,"USER: Can you play 'Stairway to Heaven' by Led Zeppelin?"" AI: ""PLAY SONG STAIRWAY TO HEAVEN - LED ZEPPELIN","USER: Put on 'Purple Haze' by Jimi Hendrix, please",USER: I want to hear 'Hey Jude' by the Beatles,USER: Play 'Purple Rain' by Prince,"USER: Put on 'Wonderwall' by Oasis, please",USER: Play 'Sweet Child o' Mine' by Guns N' Roses,USER: I'd like to hear 'Imagine Dragons' by Radioactive,USER: Put on 'Shape of My Heart' by Sting,USER: Play 'Piano Man' by Billy Joel,USER: I want to hear 'Time' by Pink Floyd,USER: Play 'Rolling Stone' by The Weeknd,"USER: Put on 'Livin' on a Prayer' by Bon Jovi, please",USER: I'd like to hear 'Yellow Submarine' by The Beatles,USER: Play 'Sicko Mode' by Travis Scott,"USER: Put on 'Lose Yourself' by Eminem, please",USER: Play 'Old Town Road' by Lil Nas X,USER: I want to hear 'HUMBLE.' by Kendrick Lamar,USER: Put on 'God's Plan' by Drake,USER: Play 'Hotline Bling' by Drake,"USER: Can you play 'Black Beatles' by Rae Sremmurd?"" AI: ""PLAY SONG BLACK BEATLES - RAE SREMMURD","USER: Put on 'Uptown Funk' by Mark Ronson ft. Bruno Mars, please",USER: I'd like to hear 'Mo Money Mo Problems' by The Notorious B.I.G,USER: Play 'Hot Girl Summer' by Megan Thee Stallion,"USER: Put on 'Suge' by DaBaby, please",USER: Play 'Money' by Cardi B,USER: I want to hear 'Gin and Juice' by Snoop Dogg,"USER: Put on 'In Da Club' by 50 Cent, please",USER: Play 'Sick Boy' by The Chainsmokers,"USER: Can you play 'No Role Modelz' by J. Cole?"" AI: ""PLAY SONG NO ROLE MODELZ - J. COLE",USER: Put on 'Bad and Boujee' by Migos,USER: I'd like to hear 'Fancy' by Iggy Azalea,USER: Play 'Hotline Bling' by Drake,USER: Put on 'Old Town Road' by Lil Nas X,"USER: Put on 'Wonderful Tonight,' please",USER: Play 'Don't Stop Believin',"USER: I'd like to hear 'Radioactive.'"" AI: ""PLAY SONG RADIOACTIVE","USER: Play 'Sweet Child o' Mine.'"" AI: ""PLAY SONG SWEET CHILD O' MINE","USER: Put on 'Hotel California,' please","USER: I want to hear 'Bohemian Rhapsody.'"" AI: ""PLAY SONG BOHEMIAN RHAPSODY","USER: Play 'Billie Jean.'"" AI: ""PLAY SONG BILLIE JEAN","USER: Put on 'Rolling in the Deep,' please","USER: I'd like to hear 'Imagine.'"" AI: ""PLAY SONG IMAGINE","USER: Play 'Smells Like Teen Spirit.'"" AI: ""PLAY SONG SMELLS LIKE TEEN SPIRIT","USER: Put on 'Wonderwall,' please","USER: I want to hear 'Smooth Criminal.'"" AI: ""PLAY SONG SMOOTH CRIMINAL","USER: Play 'Piano Man.'"" AI: ""PLAY SONG PIANO MAN","USER: Put on 'Shape of My Heart,' please","USER: I'd like to hear 'Time.'"" AI: ""PLAY SONG TIME","USER: Play 'Rolling Stone.'"" AI: ""PLAY SONG ROLLING STONE","USER: Put on 'Livin' on a Prayer,' please","USER: I want to hear 'Yellow Submarine.'"" AI: ""PLAY SONG YELLOW SUBMARINE","USER: Play 'Smooth.'"" AI: ""PLAY SONG SMOOTH","USER: Put on 'Don't Stop Me Now,' please",USER: Could you please turn on the lights Violet in Galley?,USER: It's a bit dark in Dining Room. Let's turn on the lights Grey.,USER: How about we brighten up Swimming Pool by turning on the Orange lights?,USER: I need some light in Spa. Let's turn on the Grey lights.,USER: The room is too dim. Let's turn on the lights Lime.,USER: Please turn on the Purple lights in Guest Bedroom 2.,USER: It's quite dark in Engine Room. Can we turn on the lights Pink?,USER: I'd like to have some light in Salon. Let's turn on the lights Pink.,USER: The lighting in Dining Room is inadequate. Turn on the Orange lights,USER: Can you please turn on the Red lights in Lounge?,USER: Let's brighten up Cinema with the Berry lights. Turn them on.,USER: It's too dark in here. Turn on the Straw lights in Dining Room.,USER: We need some light in The Bridge. Turn on the lights Turquoise.,USER: Please illuminate Bar Lounge with the Yellow lights.,USER: I'd like to have the Brown lights turned on in Guest Bedroom 2.,USER: Let's improve the lighting in Cabin Suite. Turn on the Coral lights.,USER: The room is too dim for my liking. Can we turn on the Red lights?,USER: It's a bit gloomy in Guest Bedroom 6. Let's turn on the lights Yellow.,USER: How about we add some light to The Bridge by turning on the Navy lights?,USER: I need better lighting in Bar Lounge. Turn on the White lights,USER: The room feels dark. Let's turn on the Sky lights in Dining Room.,USER: I'd like to have the lights Berry in The Bridge turned on,USER: It's a bit dim in Spa. Can we turn on the Sky lights?,USER: Please turn on the Yellow lights in Guest Bedroom 2 for me.,USER: The lighting in Spa is inadequate. Turn on the Navy lights,USER: Can you please turn on the lights Gold in The Bridge?,USER: Let's brighten up Salon with the Purple lights. Turn them on.,USER: It's too dark in here. Turn on the Straw lights in Lounge,USER: We need some light in Sun Deck. Turn on the Turquoise lights,USER: Please illuminate Master Bedroom with the Brown lights.,USER: I'd like to have the Teal lights turned on in Fitness Center.,USER: Let's improve the lighting in The Bridge. Turn on the Grey lights.,USER: The room is too dim for my liking. Can we turn on the Straw lights?,USER: It's a bit gloomy in Salon. Let's turn on the lights Orange.,USER: How about we add some light to Observation Deck by turning on the Teal lights?,USER: I need better lighting in The Bridge. Turn on the Navy lights,USER: The room feels dark. Let's turn on the Pink lights in Jacuzzi.,USER: I'd like to have the lights Yellow in Dining Room turned on,USER: It's a bit dim in Library. Can we turn on the Pink lights?,USER: I want a cozy atmosphere in Sun Deck.,USER: Let's make Salon feel energizing.,USER: I need a calming environment in Sun Deck.,USER: Make Observation Deck feel invigorating.,USER: I want Observation Deck to have a tranquil vibe.,USER: Let's set a romantic mood in Master Bedroom.,USER: I need Game Room to feel like a party.,USER: Make Crew Quarters feel like a forest.,USER: I want a futuristic atmosphere in Spa.,USER: Set a vibrant mood in Guest Bedroom 2.,USER: I need Observation Deck to feel like a beach vacation.,USER: Create a nostalgic ambiance in Library.,USER: Let's make Sun Deck feel like a sci-fi movie.,USER: I want a soothing vibe in Library.,USER: Make The Bridge feel like a tropical paradise.,USER: Set a mysterious mood in Galley.,USER: I need Galley to feel like a disco.,USER: Create a serene atmosphere in Spa.,USER: Let's make Guest Bedroom 2 feel like a space station.,USER: I want Library to feel like a cafe.,USER: Create a lively ambiance in Fitness Center.,USER: Make Crew Quarters feel like a rainy day.,USER: Set a modern and minimalist vibe in The Bridge.,USER: I need Sun Deck to feel like a winter wonderland.,USER: Create a magical atmosphere in Game Room.,USER: Let's make Sun Deck feel like a library.,USER: I want a retro vibe in Dining Room.,USER: Set a futuristic and high-tech mood in Observation Deck.,USER: Make Library feel like a summer day.,USER: Create a romantic and candlelit atmosphere in Jacuzzi.,USER: I need Sun Deck to feel like a spaceship.,USER: Let's make Lounge feel like a garden.,USER: I want a mystical atmosphere in Fitness Center.,USER: Create an industrial and urban ambiance in Guest Bedroom 6.,USER: Make The Bridge feel like a cozy cabin in the woods.,USER: Set a tranquil and lakeside mood in Dining Room.,USER: I need Cinema to feel like a bustling city street.,USER: Create an ethereal and otherworldly atmosphere in Cabin Suite.,USER: Can you tell me the weather forecast for 3rd of june in Seychelles?,USER: What's the weather like in Santorini on 21st of january?,USER: I'm planning an outdoor event on new year's eve. Can you check the weather forecast for Easter Island?,USER: I need to travel on tomorrow. What's the weather forecast for Hawaii?,USER: Can you give me the weather information for tonight evening in Easter Island?,USER: I'm curious about the weather in Santorini on 19th of november. Can you provide the forecast?,USER: What's the expected weather for new year's eve in Hawaii?,USER: I'm planning a trip on new year's eve. Can you tell me the weather forecast for Hawaii?,USER: I need to know the weather in Svalbard on 10th of march. Can you provide the details?,USER: What's the weather like in Honolulu on 10th of march? I have outdoor plans.,USER: Can you provide the weather forecast for 23rd of july in Machu Picchu?,USER: I'm traveling on 10th of march. Can you check the weather forecast for Bali?,USER: What's the weather outlook for 10th of march in Maldives?,USER: I'm curious about the weather in Phuket on new year's eve. Can you provide the forecast?,USER: What's the expected weather for christmas day in Barcelona?,USER: I'm planning an outdoor event on 7th of april. Can you check the weather forecast for Cape Town?,USER: Can you give me the weather information for the day after tomorrow in Barcelona?,USER: I want Phuket's weather forecast on 12th of february.,USER: What's the weather like in Cape Town on the day after tomorrow?,USER: Can you provide the weather forecast for 28th of may in Auckland?,USER: I'm planning a trip on tonight evening. Can you tell me the weather forecast for Hong Kong?,USER: I need to know the weather in Los Angeles on 17th of october. Can you provide the details?,USER: What's the expected weather for tomorrow in Maui? I have outdoor plans.,USER: Can you provide the weather forecast for 21st of january in Amsterdam?,USER: I'm traveling on tonight evening. Can you check the weather forecast for Honolulu?,USER: What's the weather outlook for 19th of november in Santorini?,USER: I'm curious about the weather in Santorini on 28th of may. Can you provide the forecast?,USER: What's the expected weather for tonight evening in Machu Picchu?,USER: I'm planning an outdoor event on 12th of february. Can you check the weather forecast for Barcelona?,USER: Can you give me the weather information for 7th of april in Santorini?,USER: I want Auckland's weather forecast on 1st of september.,USER: What's the weather like in Maldives on new year's eve?,USER: Can you provide the weather forecast for the day after tomorrow in Prague?,USER: I'm planning a trip on 10th of march. Can you tell me the weather forecast for Ibiza?,USER: I need to know the weather in Maui on tomorrow. Can you provide the details?,USER: What's the expected weather for 1st of september in Hawaii? I have outdoor plans.,USER: Can you provide the weather forecast for 12th of february in Hong Kong?,USER: I'm traveling on christmas day. Can you check the weather forecast for Santorini?,USER: What's the weather outlook for christmas day in Seychelles?,USER: I'm curious about the weather in Santorini on new year's eve. Can you provide the forecast?,USER: What's the expected weather for 19th of november in Ibiza?,USER: I'm planning an outdoor event on new year's eve. Can you check the weather forecast for Rome?,USER: Can you give me the weather information for 23rd of july in Los Angeles?,USER: I want Easter Island's weather forecast on 17th of october.,USER: What's the weather like in Barcelona on 12th of february?,USER: Can you provide the weather forecast for 7th of april in Maldives?,USER: I'm planning a trip on 28th of may. Can you tell me the weather forecast for Rome?,USER: I need to know the weather in Los Angeles on new year's eve. Can you provide the details?,USER: What's the expected weather for 1st of september in Bora Bora? I have outdoor plans.,USER: Can you provide the weather forecast for 19th of november in Maldives?,USER: I'm traveling on 28th of may. Can you check the weather forecast for Barcelona?,USER: What's the weather outlook for 7th of april in Maldives?,USER: I'm curious about the weather in Maui on 21st of january. Can you provide the forecast?,USER: What's the expected weather for 3rd of june in Maui?,USER: Can you give me the weather information for 1st of september?,USER: I want to know the weather forecast for 21st of january.,USER: What's the weather like on 19th of november?,USER: Can you provide the weather forecast for 10th of march?,USER: I'm planning a trip on 3rd of june. Can you tell me the weather forecast?,USER: I need to know the weather on 7th of april. Can you provide the details?,USER: What's the expected weather for 10th of march? I have outdoor plans.,USER: Can you provide the weather forecast for 21st of january?,USER: I'm traveling on christmas day. Can you check the weather forecast?,USER: What's the weather outlook for 19th of november?,USER: I'm curious about the weather on the day after tomorrow. Can you provide the forecast?,USER: What's the expected weather for 21st of january in the cold weather?,USER: I want to know the cold weather forecast for 12th of february.,USER: What's the cold weather like on 3rd of june?,USER: Can you provide the cold weather forecast for 7th of april?,USER: I'm planning a trip in the cold weather on 28th of may. Can you tell me the weather forecast?,USER: I need to know the cold weather on tomorrow. Can you provide the details?,USER: What's the expected cold weather for 1st of september? I have outdoor plans.,USER: Can you provide the cold weather forecast for 23rd of july?,USER: I'm traveling in the cold weather on tonight evening. Can you check the weather forecast?,USER: What's the cold weather outlook for 28th of may?,USER: I'm curious about the cold weather on tonight evening. Can you provide the forecast?,USER: The night is falling,USER: It's getting foggy out here. Time to activate the nav lights.,USER: The weather is closing in,USER: I see other vessels approaching. It's time to switch on the navigation lights.,USER: It's dusk,USER: The moon is hidden by clouds. Let's not take any chances,USER: I just heard a foghorn nearby. It's time for the navigation lights to be on.,USER: We're approaching a busy channel. Better turn on the navigation lights.,USER: It's a starry night,USER: The GPS just indicated reduced visibility. Let's switch on the nav lights.,USER: We're entering a congested harbor. Turn on the navigation lights.,USER: I can hear the sound of waves crashing. Better activate the navigation lights.,USER: The lighthouse on the shore is visible. It's time to turn on the navigation lights.,USER: I see a storm approaching. Turn on the navigation lights for added visibility.,USER: There's a lot of traffic in this shipping lane. Turn on the navigation lights.,USER: It's getting misty out here. Turn on the navigation lights to be visible.,USER: The radar is picking up targets. It's time to turn on the navigation lights.,USER: I just heard a distress call on the radio. Turn on the navigation lights.,USER: We're nearing the buoy markers. Turn on the navigation lights for safe passage.,USER: The wind is picking up,USER: It's a moonless night. Turn on the navigation lights to be visible.,USER: The rain is pouring,USER: The waves are getting rough. Turn on the navigation lights for safety.,USER: I just spotted a fishing boat ahead. Turn on the navigation lights to avoid a collision.,USER: We're approaching a busy port. Time to switch on the navigation lights.,USER: The GPS shows us near a rocky coastline. Turn on the navigation lights for safety.,USER: We're passing through a narrow channel. Turn on the navigation lights for visibility.,USER: The weather forecast predicts heavy fog. It's time to activate the navigation lights.,USER: The marine radio just received a safety message. Turn on the navigation lights.,USER: We're nearing a busy harbor entrance. Turn on the navigation lights for safe passage.,USER: The wind is howling,USER: I just saw a buoy marker ahead. Turn on the navigation lights to navigate safely.,USER: We're entering a marked shipping lane. Turn on the navigation lights for visibility.,USER: The radar shows nearby vessels. It's time to turn on the navigation lights.,USER: I received a marine safety alert. Turn on the navigation lights for caution.,USER: We're approaching a critical turning point. Turn on the navigation lights for safety.,USER: The GPS is indicating reduced visibility. It's time to turn on the navigation lights.,USER: The wind is gusting,USER: The lighthouse on the shore is visible. It's time to turn on the navigation lights.,USER: The marine radio just received a distress call. Turn on the navigation lights.,USER: We've safely reached our destination. It's time to turn off the navigation lights.,USER: The sun is rising,USER: The moon is shining brightly. Time to turn off the navigation lights.,USER: We're entering a well-lit harbor. Turn off the navigation lights for now.,USER: The radar shows no nearby vessels. Let's turn off the navigation lights.,USER: We've exited the busy shipping lane. It's time to turn off the navigation lights.,USER: The weather is clear,USER: The marine radio just received an all-clear signal. Turn off the navigation lights.,USER: We've passed the rocky coastline safely. It's time to turn off the navigation lights.,USER: The GPS shows good visibility. Let's turn off the navigation lights.,USER: We're leaving the congested harbor. Turn off the navigation lights.,USER: The wind has calmed,USER: I see a lighthouse ahead. Let's turn off the navigation lights.,USER: We've passed through the narrow channel. It's time to turn off the navigation lights.,USER: The fog has cleared,USER: The marine radio reports safe conditions. It's time to turn off the navigation lights.,USER: We've successfully reached the buoy markers. Turn off the navigation lights.,USER: We've exited the busy port. It's time to turn off the navigation lights.,USER: The radar shows no contacts. Let's turn off the navigation lights.,USER: We've passed the critical turning point safely. It's time to turn off the navigation lights.,USER: The sun is high in the sky,USER: We're sailing through calm waters. Turn off the navigation lights for now.,USER: The moon is setting,USER: We're entering a well-illuminated harbor. Turn off the navigation lights for now.,USER: The radar indicates clear waters. Let's turn off the navigation lights.,USER: We've exited the busy shipping lane. It's time to turn off the navigation lights.,USER: The weather is stable,USER: The marine radio reports favorable conditions. It's time to turn off the navigation lights.,USER: We've navigated safely past the rocky coastline. It's time to turn off the navigation lights.,USER: The GPS shows excellent visibility. Let's turn off the navigation lights.,USER: We're leaving the congested harbor. Turn off the navigation lights.,USER: The wind has calmed,USER: I see a lighthouse ahead. Let's turn off the navigation lights.,USER: We've passed through the narrow channel safely. It's time to turn off the navigation lights.,USER: The fog has cleared,USER: The marine radio reports safe conditions. It's time to turn off the navigation lights.,USER: We've reached the buoy markers safely. Turn off the navigation lights.,USER: We've exited the busy port. It's time to turn off the navigation lights.,USER: The radar shows no contacts. Let's turn off the navigation lights.,USER: We've passed the critical turning point safely. It's time to turn off the navigation lights.,USER: Can you tell me our current speed?,USER: I'd like to know how fast we're moving.,USER: What's our speed right now?,USER: How quickly are we sailing?,USER: I'm curious about our speed. What is it?,USER: What's our velocity at the moment?,USER: I'd like to know our sailing speed.,USER: How fast are we going on the water?,USER: What's our current nautical speed?,USER: How many knots are we sailing at?,USER: Can you tell me our ship's speed?,USER: What's our velocity in knots?,USER: I'm interested in our speed. What is it?,USER: How quick are we sailing on the sea?,USER: What's our sailing pace?,USER: Can you inform me of our current knot speed?,USER: How many knots are we currently traveling at?,USER: I'd like to know our nautical speed.,USER: What's our speed in nautical terms?,USER: How fast are we moving on the water?,USER: What's our current velocity?,USER: How fast are we moving?,USER: Can you tell me our speed right now?,USER: I'm curious about our speed. What is it?,USER: How quickly are we going?,USER: What's our velocity right now?,USER: Can you provide our speed?,USER: How fast are we traveling?,USER: What's our current speed?,USER: Tell me our velocity,USER: How quick are we moving?,USER: I'd like to know our speed.,USER: How fast are we sailing?,USER: What's our current velocity?,USER: Can you tell me our speed right now?,USER: I'm curious about our speed. What is it?,USER: How quickly are we going?,USER: What's our velocity right now?,USER: Can you provide our speed?,USER: How fast are we traveling?,USER: How fast is our vessel moving right now?,USER: I'd like to know our current speed,USER: What's our velocity at this moment?,USER: Can you provide our speed right now?,USER: How quickly are we traveling?,USER: What's our current velocity,USER: Tell me our speed,USER: How fast are we moving at the moment?,USER: What's our current speed,USER: How quick are we going,USER: How fast is our vessel moving right now?,USER: I'd like to know our current speed,USER: What's our velocity at this moment?,USER: Can you provide our speed right now?,USER: How quickly are we traveling?,USER: What's our current velocity,USER: Tell me our speed,USER: How fast are we moving at the moment?,USER: What's our current speed,USER: How quick are we going,USER: Can you tell me our current course?,USER: What's our heading right now?,USER: What direction are we headed in?,USER: I'm curious about our course. What is it?,USER: How are we currently oriented?,USER: What's our current course,USER: Can you provide our heading?,USER: Which way are we pointing?,USER: How are we currently oriented,USER: What is our course of action,USER: Can you tell me our current course,USER: How are we currently oriented,USER: What's our current heading,USER: What direction are we headed in,USER: Can you provide our course,USER: What is our course of action?,USER: Can you tell me our heading right now?,USER: How are we currently oriented?,USER: What's our current course,USER: Can you provide our heading?,USER: Which way are we pointing,USER: How are we currently oriented,USER: What is our course of action,USER: Can you tell me our current course,USER: How are we currently oriented,USER: What's our current heading,USER: What direction are we headed in,USER: Can you provide our course,USER: What is our course of action?,USER: Can you tell me our heading right now?,USER: How are we currently oriented?,USER: What's our current course,USER: Can you provide our heading,USER: How are we currently oriented,USER: What is our course of action,USER: Can you tell me our current course,USER: How are we currently oriented,USER: Can you provide an update on our fuel situation?,USER: What's our current fuel status?,USER: How are we doing with our fuel reserves?,USER: Can you update me on our fuel usage?,USER: How's our fuel situation,USER: What's the status of our fuel reserves?,USER: How are we doing in terms of fuel efficiency?,USER: Can you give me an update on our fuel consumption?,USER: How's our fuel situation,USER: What's the status of our fuel reserves?,USER: How are we doing in terms of fuel efficiency?,USER: Can you give me an update on our fuel consumption?,USER: How's our fuel situation,USER: What's the status of our fuel reserves?,USER: How are we doing in terms of fuel?,USER: Can you provide an update on our fuel situation?,USER: What's our current fuel status?,USER: How are we doing with our fuel reserves?,USER: Can you update me on our fuel usage?,USER: How's our fuel situation,USER: What's the status of our fuel reserves?,USER: How are we doing in terms of fuel efficiency?,USER: Can you give me an update on our fuel consumption?,USER: How's our fuel situation,USER: What's the status of our fuel reserves?,USER: How are we doing in terms of fuel efficiency?,USER: Can you give me an update on our fuel consumption?,USER: How's our fuel situation,USER: What's the status of our fuel reserves?,USER: Hey,USER: Captain,USER: Ahoy there! Tell me,USER: Yo,USER: Hey,USER: Captain,USER: Navigator,USER: Smooth sailing or whitecaps,USER: Captain,USER: Hey,USER: Captain,USER: Hey there,USER: Captain,USER: Navigator,USER: Ahoy,USER: Captain,USER: Navigator,USER: Hey there,USER: Captain,USER: Navigator,USER: Ahoy,USER: Captain,USER: Navigator,USER: Hey there,USER: Captain,USER: Navigator,USER: Ahoy,USER: Captain,USER: Navigator,USER: Where are we headed?,USER: Captain,USER: Navigator,USER: Ahoy,USER: Captain,USER: Navigator,USER: Hey there,USER: Captain,USER: Navigator,USER: Ahoy,USER: Captain,USER: Navigator,"USER: Hey, what's the scoop for today?","USER: Navigator, what's the status today?","USER: Captain, what's the word for today?","USER: Ahoy, matey! What's the plan for today?","USER: Captain, what's the plan for today?","USER: Navigator, what's the scoop for today?","USER: Hey there, what's the status for today?","USER: Captain, what's the plan for today?","USER: Navigator, what's the scoop for today?","USER: Hey there, what's the status for today?","USER: Captain, what's the plan for today?","USER: Navigator, what's the scoop for today?","USER: Hey there, what's the status for today?","USER: Captain, what's the plan for today?","USER: Navigator, what's the scoop for today?","USER: Hey there, what's the status for today?","USER: Captain, what's the plan for today?","USER: Navigator, what's the scoop for today?","USER: Hey there, what's the status for today?","USER: Captain, what's the plan for today?","USER: Navigator, what's the scoop for today?","USER: Hey there, what's the status for today?","USER: Captain, what's the plan for today?","USER: Navigator, what's the scoop for today?","USER: Hey there, what's the status for today?",USER: Captain,USER: Navigator,USER: Captain,USER: Navigator,USER: Captain,USER: Navigator,USER: Captain,USER: Navigator,USER: Captain,USER: Navigator,USER: Captain,USER: Navigator,USER: Captain,USER: Navigator,USER: Captain,USER: Navigator,USER: Captain,USER: Navigator,USER: Captain,USER: Navigator,USER: Captain,USER: Navigator,USER: Captain,USER: Navigator,USER: Captain,USER: Navigator,USER: Captain,USER: Navigator,USER: Captain,USER: Navigator
""
""
""
""
""
""
""
""
""
""
""
""
""
""
""
""
""
""
""
""
""
""
""
""
""
""
""
""
""
""
""
""
""
""
""
""
""
""
""
""
""
""
""
""
""
""
""
""
""
""
""
""
""
""
""
""
""
""
""
""
""
""
""
""
""
""
""
""
""
""
""
""
""
""
""
""
""
""
""
""
""
""
""
""
""
""
""
""
""
""
""
""
""
""
""
""
""
""
""
""
""
""
""
""
""
""
""
""
""
""
""
""
""
""
""
""
""
""
""
""
""
""
""
""
""
""
""
""
""
""
""
""
""
""
""
""
""
""
""
""
""
""
""
""
""
""
""
""
""
""
""
""
""
""
""
""
""
""
""
""
""
""
""
""
""
""
""
""
""
""
""
""
""
""
""
""
""
""
""
""
""
""
""
""
""
""
""
""
""
""
""
""
""
""
""
""
""
""
""
""
""
""
""
""
""
""
""
""
""
""
""
""
""
""
""
""
""
""
""
""
""
""
""
""
""
""
""
""
""
""
""
""
""
""
""
""
""
""
""
""
""
""
""
""
""
""
""
""
""
""
""
""
""
""
""
""
""
""
""
""
""
""
""
""
""
""
""
""
""
""
""
""
""
""
""
""
""
""
""
""
""
""
""
""
""
""
""
""
""
""
""
""
""
""
""
""
""
""
""
""
""
""
""
""
""
""
""
""
""
""
""
""
""
""
""
""
""
""
""
""
""
""
""
""
""
""
""
""
""
""
""
""
""
""
""
""
""
""
""
""
""
""
""
""
""
""
""
""
""
""
""
""
""
""
""
""
""
""
""
""
""
""
""
""
""
""
""
""
""
""
""
""
""
""
""
""
""
""
""
""
""
""
""
""
""
""
""
""
""
""
""
""
""
""
""
""
""
""
""
""
""
""
""
""
""
""
""
""
""
""
""
""
""
""
""
""
""
""
""
""
""
""
""
""
""
""
""
""
""
""
""
""
""
""
""
""
""
""
""
""
""
""
""
""
""
""
""
""
""
""
""
""
""
""
""
""
""
""
""
""
""
""
""
""
""
""
""
""
""
""
""
""
""
""
""
""
""
""
""
""
""
""
""
""
""
""
""
""
""
""
""
""
""
""
""
""
""
""
""
""
""
""
""
""
""
""
""
""
""
""
""
""
""
""
""
""
""
""
""
""
""
""
""
""
""
""
""
""
""
""
""
""
""
""
""
